[
    { "term": "James", "definition": "Tiago" },
    { "term": "Mary", "definition": "Maria" },
    { "term": "Elizabeth", "definition": "Isabel" },
    { "term": "Peter", "definition": "Pedro" },
    { "term": "Catherine", "definition": "Catarina" },
    { "term": "Margaret", "definition": "Margarida" },
    { "term": "Charles", "definition": "Carlos" },
    { "term": "Lucy", "definition": "Lucia" },
    { "term": "Michael", "definition": "Miguel" },
    { "term": "Sophia", "definition": "Sofia" }
    ]
